Method,Avg EPS Valuation,DCF EPS Valuation,Avg CF Valuation,DCF CF Valuation
3-Year MACRS,21.59333333333333,9.067817835231187,28.259999999999998,12.397453789059476
5-Year MACRS,21.59333333333333,9.253253949482968,28.259999999999998,12.348160644764699
Straight-Line,21.5933307,9.404458456820114,28.260000700000003,12.307967041548498
